product,narrative_angle,priority
Magnesium Calm Gummies,Claim-based,P0
Magnesium Calm Gummies,Weight Loss Adjacent,P1
Magnesium Calm Gummies,Consistency,P2
Magnesium Calm Gummies,Home Remedies,P3
Magnesium Calm Gummies,Postpartum Care,P4
Glow Boost Gummies,India's First,P0
Glow Boost Gummies,Travel Friendly,P1
Glow Boost Gummies,Consistency,P2
Hair Revive Gummies,Convenience,P0
Hair Revive Gummies,Hacks,P1
Hair Revive Gummies,Frizz Control,P2
Hair Revive Gummies,Stretch Marks,P3
Hair Revive Gummies Postpartum,Product-first,P0
Hair Revive Gummies Postpartum,Hacks,P1
Hair Revive Gummies Postpartum,Scalp Health,P2
Featherlight Sunscreen,Consistency,P0
Featherlight Sunscreen,All-in-One,P1
Featherlight Sunscreen,Root Cause,P2
Featherlight Sunscreen,Concern-led,P3
Featherlight Sunscreen,Travel Friendly,P4
Featherlight Sunscreen,Weight Loss Adjacent,P5
Scalp Renew Hair Growth Roll-On,Concern-led,P0
Scalp Renew Hair Growth Roll-On,Convenience,P1
Scalp Renew Hair Growth Roll-On,Scalp Health,P2
Underarm Brightening Roll-On,Sleep and Stress,P0
Underarm Brightening Roll-On,Stretch Marks,P1
Underarm Brightening Roll-On,Claim-based,P2
Underarm Brightening Roll-On,Postpartum Care,P3
Body Acne Clearing Wash,All-in-One,P0
Body Acne Clearing Wash,Muscle Recovery,P1
Body Acne Clearing Wash,Scalp Health,P2
Urea Repair Lotion 10%,Nutrient Deficiency,P0
Urea Repair Lotion 10%,Travel Friendly,P1
Urea Repair Lotion 10%,All-in-One,P2
Urea Repair Lotion 10%,Dry Skin,P3
Urea Repair Lotion 20%,Nutrient Deficiency,P0
Urea Repair Lotion 20%,Scalp Health,P1
Urea Repair Lotion 20%,Home Remedies,P2
Urea Repair Lotion 20%,All-in-One,P3
Urea Repair Lotion 20%,Consistency,P4
AHA Smoothing Scrub 10%,Fragrance,P0
AHA Smoothing Scrub 10%,Postpartum Care,P1
AHA Smoothing Scrub 10%,Frizz Control,P2
AHA Smoothing Scrub 10%,Hyperpigmentation,P3
Magnesium Soothing Lotion,Travel Friendly,P0
Magnesium Soothing Lotion,Winter Concern,P1
Magnesium Soothing Lotion,India's First,P2
Magnesium Soothing Lotion,Muscle Recovery,P3
Magnesium Soothing Lotion,Product-first,P4
Magnesium Soothing Lotion,Us vs Them,P5
Underarm Pigmentation Correcting Pack,Hacks,P0
Underarm Pigmentation Correcting Pack,All-in-One,P1
Underarm Pigmentation Correcting Pack,Muscle Recovery,P2
Underarm Pigmentation Correcting Pack,Zero Refined Sugar,P3
Gentle Cleansing Balm,Body Odour,P0
Gentle Cleansing Balm,Strength and Smoothness,P1
Gentle Cleansing Balm,Sleep and Stress,P2
Gentle Cleansing Balm,Home Remedies,P3
Gentle Cleansing Balm,Root Cause,P4
Gentle Cleansing Balm,Freshness,P5
Ceramide Repair Lotion,Aspirational,P0
Ceramide Repair Lotion,Body Odour,P1
Ceramide Repair Lotion,Claim-based,P2
Ceramide Repair Lotion,Fragrance,P3
Ceramide Repair Lotion,Stretch Marks,P4
Ceramide Repair Lotion,Convenience,P5
Urea Foot Roll-On,Scalp Health,P0
Urea Foot Roll-On,All-in-One,P1
Urea Foot Roll-On,Hyperpigmentation,P2
Brow and Lash Growth Serum,Routine,P0
Brow and Lash Growth Serum,Fragrance,P1
Brow and Lash Growth Serum,Travel Friendly,P2
Brow and Lash Growth Serum,Winter Concern,P3
Brow and Lash Growth Serum,Home Remedies,P4
Whipped Body Butter,Benefits,P0
Whipped Body Butter,Price Value,P1
Whipped Body Butter,Home Remedies,P2
Body Acne Clearing Pack,Muscle Recovery,P0
Body Acne Clearing Pack,All-in-One,P1
Body Acne Clearing Pack,Strength and Smoothness,P2
Anti-Dandruff Renewal Shampoo,Multiple Concerns,P0
Anti-Dandruff Renewal Shampoo,Routine,P1
Anti-Dandruff Renewal Shampoo,Trust and Safety,P2
Anti-Dandruff Renewal Shampoo,Winter Concern,P3
Anti-Dandruff Renewal Shampoo,Aspirational,P4
Pigmentation Repair Cream,Fragrance,P0
Pigmentation Repair Cream,Consistency,P1
Pigmentation Repair Cream,Sensitive Skin,P2
Collagen Radiance Gummies,Offer-led,P0
Collagen Radiance Gummies,Product-first,P1
Collagen Radiance Gummies,Weight Loss Adjacent,P2
Collagen Radiance Gummies,Fragrance,P3
Collagen Radiance Gummies,Hacks,P4
Calcium Strength Gummies,Strength and Smoothness,P0
Calcium Strength Gummies,Weight Loss Adjacent,P1
Calcium Strength Gummies,Scalp Health,P2
Calcium Strength Gummies,Benefits,P3
Shilajit Vitality Gummies,Frizz Control,P0
Shilajit Vitality Gummies,Scalp Health,P1
Shilajit Vitality Gummies,Benefits,P2
Shilajit Vitality Gummies,Stretch Marks,P3
