product,rating,review_snippet
Vitamin C Face Wash,5,"Left my skin feeling fresh and bright, will definitely repurchase."
Vitamin C Face Wash,4,"A little pricey but I noticed less dullness after two weeks."
Vitamin C Face Wash,3,"Smells nice but I didn't see a dramatic difference yet."
Vitamin C Face Wash,5,"Finally a face wash that doesn't dry out my skin."
Vitamin C Face Wash,2,"Broke me out a little the first week, but calmed down after."
Niacinamide Serum,5,"My pores look so much smaller after a month of use."
Niacinamide Serum,4,"Absorbs fast and doesn't feel greasy under makeup."
Niacinamide Serum,3,"Good but takes a while to see any real results."
Niacinamide Serum,5,"Was skeptical about the price but it's worth it for my skin."
Niacinamide Serum,1,"Caused irritation, had to stop using it after a few days."
Sunscreen SPF50,5,"Doesn't leave a white cast, love it for daily use."
Sunscreen SPF50,4,"Lightweight and layers well under makeup."
Sunscreen SPF50,2,"Felt sticky in humid weather, not a fan."
Sunscreen SPF50,5,"Repurchased three times already, holy grail sunscreen."
Sunscreen SPF50,4,"Good protection but the bottle runs out fast."
